ID,Sequence
seq_1,ARIFMTAWMHRIMAQCQ
seq_2,VEMMVCCEAKNVIFDMH
seq_3,VNFIVITWTNEAVVRIQ
seq_4,VSVCTAMSFEDLFLDAD
seq_5,IRVTMFISFNQFATEIR
seq_6,VKVMVCLETHELLLSAE
seq_7,TDFFLFLDIQQCMIRVY
seq_8,LRVAMTVRLKPAMCWTN
seq_9,LWVCCLMGVGSLAARMH
seq_10,IRCLIITHFGSILMKAG
seq_11,CKFILTVHIGPVVIQVD
seq_12,VHIVCVVNMSKVLFQMH
seq_13,TKIFLVIYMEPFTLRTG
seq_14,MQCACCAEIQRLFMYMG
seq_15,CNLTFMVPFSHCVIQMY
seq_16,TYTVMMINAWPLIFRCY
seq_17,CRVTFAVPLNKIFCSCK
seq_18,CHCTMITNIKHMLCNIP
seq_19,TRAMAAVYCSEMILNTD
seq_20,IETIFAAQMRPTATKTN
seq_21,ASLVLALWMWRMLMNTY
seq_22,ASVLFTCPMPSACFRVE
seq_23,ARTAIIMNIKHLITRLS
seq_24,IECFILVDFHPLLCYCY
seq_25,MQVVCCCYAGELVCWTQ
seq_26,LNTAFAMDFHYMCCYLK
seq_27,LPFTITMDLDRMFCQVH
seq_28,AEITAMTEAKDAMMHTS
seq_29,MWCVFLMSCKRILIRCS
seq_30,VSMFTFMHTRECIIHCN
seq_31,MWVFFTISCNPFVINLK
seq_32,IRCCTTVECYPAMASLN
seq_33,LSTLMAVGIEYMCLSIY
seq_34,ADMFVMIKFGQFTLPTW
seq_35,LHFMFILYLGGFCVRIS
seq_36,AEAFTACEIDGVAAHAW
seq_37,VPALLLIYFYYIFIKIH
seq_38,MPCTVFLKMPPFACKMK
seq_39,MPLVTMANIYDALLNAP
seq_40,IQTFCTLYCDQLCFRVS
seq_41,VDVAVICPAQKFFMPMP
seq_42,APVAVMTYVRKVTFDMP
seq_43,AQLLCITKFESTIMSMP
seq_44,MNCTCVVWVQGACMQMS
seq_45,MWCVTTIWAEDAAVDCW
seq_46,INVFMMIGLGQMTVRIN
seq_47,CRTLICVPMWHCAAQVS
seq_48,MWFICFAYMKDCCVSVD
seq_49,IQAATMIHLDRLAADAP
seq_50,VNIMTVMRFWELVVQVS
seq_51,AYLCCIIHFYHTVIEVD
seq_52,LQFMAVMGFNGCFMNIH
seq_53,TYIFCFIEFNPTLVKAS
seq_54,TEFMMCCGMDNFCAYCR
seq_55,TSTCICAEFRPVFAYCS
seq_56,CRALFLTPLRDLIAPTE
seq_57,TRAFITTEAPHIFFWAN
seq_58,TKLMVLVEFGSMAFETG
seq_59,LYAAFVIKFHQIVLRVR
seq_60,LDTLFITKCWEACISVY
seq_61,TNAIFIAWISSCFTYIY
seq_62,LDVVVTCQIEKLFFHVS
seq_63,CSILMMVWLPYFIAWLN
seq_64,LYTFFIMQCSSIVFHIS
seq_65,ANCTTFCGVNYTAIKVR
seq_66,CNMTITMRIKPLLCEIW
seq_67,THVAALAYTGSMCAKLP
seq_68,LRCVMAIGFNYIMFKVK
seq_69,IEVLALAHTKHIVLPAR
seq_70,VYCCATCKADDLFAKAQ
seq_71,TSTILALDIRSLAASCR
seq_72,IWFMVIMSVSKFCFQTG
seq_73,MDTCMMLHIQECAFDVN
seq_74,MDALTLLHVNDLIMKLH
seq_75,MWMAMMARCYQCAIEIQ
seq_76,INMIICLRVSRVVTPTR
seq_77,MSVCFVLYTDGITIWVN
seq_78,VSMTVFLWFWDVTINMN
seq_79,VRAALLVPAENCVIHAP
seq_80,VDTTACAGTYHIFTYCS
seq_81,CYVVAMADCKHLLAHAE
seq_82,ADTVTCIYFWPVCLKCS
seq_83,MRIFVILRMGRTIMDIK
seq_84,LKAVCTLNMKECTIKMW
seq_85,IYMMFLIKLWDAMCKAD
seq_86,CRVFMFTRCSGFVFKMQ
seq_87,VNVLALIKVRRLITWLH
seq_88,TDLFACLRFWKVALSAW
seq_89,LNLIFFMDVDPMVADLP
seq_90,CKVATVTSFHDLMTKIG
seq_91,VEAILCMDAQNLTAEIH
seq_92,TYVTVFVYINSMCCKCG
seq_93,CNFAFMMNVGNAAMYAG
seq_94,MKTMFVTKCEGLFARMP
seq_95,IRCVTTLKAHYAIIWCG
seq_96,VQLLIAVEVQPCILQCE
seq_97,TDCCALAKCRPMVCHMH
seq_98,ARILLCVNTHYAAAEMP
seq_99,VEATLMVYLNHTFTYMW
seq_100,ISMFMLTYVKELCISVD
seq_101,IHAMMFCRIQQITFYCG
seq_102,CNTVMVVGFWNTLAEIS
seq_103,VNAVVCVRIPHMCCQCS
seq_104,LEFLLVMSIRECVIHTY
seq_105,TYCFTAMKVHRLIFPTR
seq_106,CWCCVLVYVSHFVLPAY
seq_107,IRFTCMAKVQNFFMQLD
seq_108,LQFTVTCGMNYVLVPAG
seq_109,TDAFCVVWTREIIFDVN
seq_110,TYVMLIASLQDFMLYVD
seq_111,IWTICVVEMEYIVLWCD
seq_112,TKLFTIVYMWNFIMQMR
seq_113,ARVTVALKVGQLFLHTW
seq_114,TKLCIIIGISKIFFNVR
seq_115,IKIMACMYTGQFVTWVG
seq_116,CWCMMVIKMWELTCEVN
seq_117,IHFFMFIKAYYLTCPCN
seq_118,ADFTLCCGFPNMAAPAN
seq_119,IYFVIITQAYDFLIEMP
seq_120,IQMMTLIELQDCMLHLW
seq_121,THALAALGLNEIFFYMY
seq_122,TWMFCCVEFWGFACEAQ
seq_123,VRTFAMAKMPYIMVPTE
seq_124,VWVLLCVYTWQCIADMQ
seq_125,AYFVMTTEAHRCMAWAP
seq_126,ARTLMFTPVPDAITETP
seq_127,MKAIIIMYVEETFFPIG
seq_128,MYCLFCLSCRGLMIWTH
seq_129,AQLVITCDLENLMCNLY
seq_130,LEFFCIVQAPQTMIPMP
seq_131,MHMTFCMDVKYCMMKTN
seq_132,LKFMMTVGTWRMIIKLG
seq_133,VELAATMGTNSICFPME
seq_134,CEVLTMIKMQPMFFNTG
seq_135,TSLVTLAQCHPAIAQVY
seq_136,INACAVMKLNHVAMYVK
seq_137,APTFIVVRTDQICTWTH
seq_138,IHAAFTLGVGDTMIHVY
seq_139,TPMIIFASMNKTAIDCY
seq_140,MPTMMVLKFQYIMTRLN
seq_141,ISLVFVCQMQSACLHMY
seq_142,VYMFILTNAHDFCINMY
seq_143,CYTMAVTNMDKALAWAS
seq_144,VPITIVMHFWDLTTYAE
seq_145,TPMIVFLRARQVATKMP
seq_146,CRMTTAAKVQSATVDTQ
seq_147,INVITFCRTWNVTMNTR
seq_148,MSATAFAKMGNVIFYAN
seq_149,CHCVTMIDCGEVFVQCY
seq_150,ARFLMVLKVNYVATDLN
seq_151,CRFALMMSLWYMTFQAP
seq_152,CRCFVMANAKQMMTKCQ
seq_153,IWTIFMTDTWNTCARLN
seq_154,IDVLITVSTNNMLMNCH
seq_155,IQCCFFMSLNECTLPLG
seq_156,IEIIAMMNMYHMALSCE
seq_157,IHVMIVIEFDKCVIPMG
seq_158,TWCTMAIQCRSMAFWMH
seq_159,LYFCMMMWLWKAATYCG
seq_160,CKVIMFAGVEPAFCNMG
seq_161,CWTLFFMDCNGFFAPIG
seq_162,INMTVTAEAPHCIMHIE
seq_163,LQLTCALKLNRLCINVY
seq_164,CQVMCLVDMSPFTVHMG
seq_165,VYATLLVPLRSLCIDAY
seq_166,VSLAMIIGFYRVAADLY
seq_167,IEIIFLMHTHYMFMSVN
seq_168,AWCCVFLRFHSAICKMP
seq_169,ISCMVCTETSSCAVQTK
seq_170,ANLICICELNGTVCKCP
seq_171,VHAIMMTDFDEMCVPTY
seq_172,MWVLAIVHVERIVTHME
seq_173,ANTATICKLSGIMIRVG
seq_174,ADCIIFMWLSELMIWIK
seq_175,ADIACILSLSNVCTEAE
seq_176,TPTMLACGMGRCALYCK
seq_177,CELTCCMPAKYLCFRLN
seq_178,TPCAVCTEAYHFTFDMW
seq_179,AEAAITVDIPDIVIKMR
seq_180,TYLLIAIDTQYMVIWIE
seq_181,CQIMAVCQAKHCFLPTY
seq_182,MYIITMTHFHHFVMHIY
seq_183,LKFMVCCPFWEFIFYMN
seq_184,MHIAAIAYIGRICTWLH
seq_185,ANTLTFMGMSGIALWMY
seq_186,AQCMMIMWFGNIFVDCQ
seq_187,ISLMLFTGTYKALTEIQ
seq_188,LKTFTLCDIQGFMFRCD
seq_189,VWFIVTIHMDSVCCHAN
seq_190,ISVCMTLQVDKAIFPMS
seq_191,ADAAICASIDQCCTSVS
seq_192,AHMCCLAWTPQLCIKVP
seq_193,TKTVFMVQIDKVLIPIN
seq_194,TNLFCCCHFSHTIFRIW
seq_195,CRTAICMQVYEILFEAH
seq_196,VEIMVMIRMDSAAVRLP
seq_197,TSVIILMRTDQVIIRLY
seq_198,TSFAFVLYAKHIAFEAK
seq_199,LSLVTMCDIDKMTTECE
seq_200,ISMFCIAGVYSVAFSCS
