ID,Sequence
seq_1,HAMVYNFLSFALISDQKYQ
seq_2,HALVFTYVNWSMVTDQQFR
seq_3,HALVFNYVTFSMIADKKYQ
seq_4,HALIFAYVSFAVMSEKRYQ
seq_5,HAMMFTWITFALVANQQHQ
seq_6,HSLIYSHLSFAIINDRRYK
seq_7,YSVLWSWMSYSIISNKRHE
seq_8,NALIFAHITFAMITDRQFQ
seq_9,HSIIYTYVTYAVVADQQWE
seq_10,YALVYTYIAFSLINNRRYQ
seq_11,NAIVFSWVAFALLSDKRFQ
seq_12,YAIMFTFLSYAIVSDKRYK
seq_13,HSVVFAYISFAMMSDQRHQ
seq_14,YALVFSYVAFAVLAEKRYE
seq_15,NALLFTFMTYSMVSERQWQ
seq_16,HAMMYAYINFSVISEKQFE
seq_17,HALIYSYLSFAIMSDRQHE
seq_18,HAVVYSFLSYAVLSEEKYK
seq_19,HAMIFAYINFALVNDRKHQ
seq_20,YAILWSWLSYAVISDQKYQ
seq_21,HAIMFTYLNYALITDRRWQ
seq_22,HAIIFAWVSWAMISDKKYE
seq_23,HAVVYTFITFAMISEQKYQ
seq_24,YAIIYAYISWAILAEQRYK
seq_25,HSLVWSFINYAIISDKRWQ
seq_26,NAMIYAYMSYAIVTDQKHQ
seq_27,NALIFTWVSWSLLSDQRWQ
seq_28,HAMVFAYLSFALITDQRYK
seq_29,HSMIFSYISYAMLSDKKWQ
seq_30,YALLWSWISFSLLADEKYQ
seq_31,HAIIFSHISFALLTDKRFK
seq_32,HALLFSYLNFALVAERRFR
seq_33,NAIVYNFVSYALLNEKKWR
seq_34,YSMIYAWVSWAMMADQKWR
seq_35,YSMMFTWLNYALVAEKQWE
seq_36,HAVLWSYLNYAILADQQFQ
seq_37,HAVVFNWVNYALISEKQYQ
seq_38,HAMVWNFLSFAVINEKQYR
seq_39,HSMIFTYISFSLIADRQHQ
seq_40,HAIIYSWISYSIMADRRHE
seq_41,YAMVFTYVAFALIAEKQYE
seq_42,HAIMFAFLSFALISDKRYE
seq_43,HSLMFTYIAFAMLNEKKHQ
seq_44,YSIIYTYINFSMVSDEKHQ
seq_45,HALVYAWVAFSLLSNRRYQ
seq_46,HSMVYNWMSFALIANQKYQ
seq_47,HSLMFSYVTWAMINERQYR
seq_48,HALIYTYMSFSMVSDRQWQ
seq_49,YSIIFSHMNFALITERRYQ
seq_50,HAIIFSYMNYSMLADKRFQ
